tweet_id,posted_at,text,afinn_pos,afinn_neg,afinn_judgment,vader_compound,vader_judgment
"https://x.com/FoxNews/status/2107215519937970545","2026-10-05T21:05:04.000Z","BREAKING: Caleb Flynn is sentenced to life without parole after being found guilty on all nine charges, including aggravated murder, in the killing of his wife, Ashley Flynn.

The judge orders Flynn's sentences to run consecutively, with Flynn serving time for the firearm","0","3","HAN","-0.9501","HAN"
"https://x.com/FoxNews/status/2107213310341136762","2026-10-05T20:56:17.000Z","""You shattered a family that trusted you... But you did not take heaven from Ashley, and you did not destroy our faith.""

Kayla Keyt delivers an emotional message about the devastating loss of her sister, Ashley Flynn, and the pain Ashley’s daughters, Alissa and Ava, will carry","2","3","HAN","-0.8463","HAN"
"https://x.com/FoxNews/status/2107213119923888485","2026-10-05T20:55:32.000Z","“She was my best friend. And then you chose to kill the only mother I ever had.”

Those powerful words from Caleb Flynn’s daughter, Ava, hang over the courtroom as her letter to her father is read aloud just before his sentencing to life in prison.

She describes her mother as","3","3","HAN","0.1531","LAP"
"https://x.com/FoxNews/status/2107206362350395784","2026-10-05T20:28:41.000Z","""I do forgive you.""

Ashley Flynn’s sister delivers a powerful message directly to Caleb Flynn during an emotional courtroom statement:

""True Christianity is seeking the face of Jesus for who he is, not simply his hand for what he can give or do for us. And Caleb, you took","2","0","LAP","0.688","HAP"
"https://x.com/FoxNews/status/2107204726018146597","2026-10-05T20:22:11.000Z","BREAKING: Caleb Flynn, convicted of murdering his wife Ashley Flynn, maintains his innocence during his sentencing hearing.

""I have unfortunately lied about a lot of things over the last couple of years. But as I stand here before God, who is my ultimate judge... I did not kill","1","3","HAN","-0.3532","LAN"
"https://x.com/FoxNews/status/2107204584829591723","2026-10-05T20:21:37.000Z","NEW: President Trump departs Washington for Nebraska as he ramps up his midterm campaign push with Election Day less than a month away.

Trump is set to campaign for Sen. Pete Ricketts, while Vice President JD Vance heads to Alaska for a separate rally tonight.

Stay up to date","0","0","NEU","0","NEU"
"https://x.com/FoxNews/status/2107201693540602147","2026-10-05T20:10:08.000Z","NEW: Abdul El-Sayed makes his case on 
@TheStoryFNC
 that Americans are paying too much for healthcare and waiting too long to get it.

The Michigan Democratic Senate candidate claims some patients can wait two and a half months to see a cardiologist, arguing Americans should","0","0","NEU","-0.4588","LAN"
"https://x.com/FoxNews/status/2107196543916757476","2026-10-05T19:49:40.000Z","""How is this not taking money from billionaire oligarchs and power brokers?""


@marthamaccallum
 confronts Abdul El-Sayed with his own campaign trail comments about ""getting money out of politics,"" then points to his appearance with the Soros family in Los Angeles.

""When","0","0","NEU","-0.2263","LAN"
"https://x.com/FoxNews/status/2107196391470563829","2026-10-05T19:49:04.000Z","NEW: 
@marthamaccallum
 presses Abdul El-Sayed on whether he supports U.S. terrorist designations for Muslim Brotherhood organizations in Lebanon, Egypt and Jordan.

""I will support a terrorist designation for any organization that is engaged in or committed to political violence.""","2","3","HAN","-0.34","LAN"
"https://x.com/FoxNews/status/2107195401728143847","2026-10-05T19:45:08.000Z","JUST IN: President Trump says he personally believes Iran was responsible for the alleged terrorist attack aboard a FlyDubai flight.


@LucasFoxNews
: ""On Flydubai, do you think Iran was responsible for that terrorist attack?""

TRUMP: ""I do, I personally do.""

Investigators say","2","1","LAP","-0.8689","HAN"
"https://x.com/FoxNews/status/2107193561468797014","2026-10-05T19:37:49.000Z","""This campaign was never about a streamer in California.""

Abdul El-Sayed once again tries to turn the page on Hasan Piker, insisting ""there's not a relationship"" as questions about the left-wing streamer continue to follow his Michigan Senate campaign.

El-Sayed says his","0","0","NEU","0","NEU"
"https://x.com/FoxNews/status/2107192600729972753","2026-10-05T19:34:00.000Z","NEW: President Trump responds to growing concerns over reports of a suspected plague case in Russia, saying the U.S. is prepared to provide assistance.

“We’ll help them.”","2","1","LAP","0.5267","HAP"
"https://x.com/FoxNews/status/2107191815430385841","2026-10-05T19:30:53.000Z","“Terrorism is wrong. No matter who perpetrated terrorism, who it’s perpetrated against, terrorism is wrong and we need to root it out.”

Abdul El-Sayed says the bigger question is whether America’s engagement around the world is creating “a safer world or a less safe world.”

He","1","2","HAN","-0.8357","HAN"
"https://x.com/FoxNews/status/2107189768354226381","2026-10-05T19:22:45.000Z","WATCH LIVE: Former 'American Idol' contestant Caleb Flynn sentenced for wife's murder","0","2","HAN","-0.7003","HAN"
"https://x.com/FoxNews/status/2107191444217692506","2026-10-05T19:29:24.000Z","Stay up to date with the latest headlines and breaking news — download the FOX News app: 
https://
foxnews.onelink.me/xLDS/z2jymmyl","0","0","NEU","0","NEU"
"https://x.com/FoxNews/status/2107188578145235322","2026-10-05T19:18:01.000Z","WATCH LIVE: President Trump departs the White House for Nebraska rally","0","0","NEU","0","NEU"
"https://x.com/FoxNews/status/2107191390447063395","2026-10-05T19:29:11.000Z","Stay up to date with the latest headlines and breaking news — download the FOX News app: 
https://
foxnews.onelink.me/xLDS/z2jymmyl","0","0","NEU","0","NEU"
"https://x.com/FoxNews/status/2107184862624968940","2026-10-05T19:03:15.000Z","A woman was ATTACKED in broad daylight by a man who followed her in Midtown Atlanta.

Investigators say the suspect trailed the woman from the Midtown MARTA station to 10th and West Peachtree, claimed he had a gun and demanded her purse and phone. When they struggled over the","0","2","HAN","-0.8918","HAN"
"https://x.com/FoxNews/status/2107170236466352533","2026-10-05T18:05:08.000Z","WATCH: French high school students clash with police near Paris as a nationwide protest movement forces hundreds of schools to suspend classes.

Footage from Sartrouville shows protesters confronting officers in protective gear as demonstrations over overcrowded classrooms,","0","2","HAN","-0.7003","HAN"
"https://x.com/FoxNews/status/2107167547095146898","2026-10-05T17:54:27.000Z","A Florida TikTok creator who calls himself a ""demonologist"" is back behind bars after investigators accused him of exposing women's private information online.

Authorities allege Mark Stephen Asea, 36, obtained women's personal data, turned it into social media content without","0","2","HAN","-0.5106","HAN"
"https://x.com/FoxNews/status/2107163171991490921","2026-10-05T17:37:04.000Z","Violent protests erupt across France as hundreds of high schools close and thousands of students take to the streets.


@StephBennettTV
 reports protests over teacher shortages, overcrowding and proposed budget cuts have erupted into clashes with riot police, with vehicles and","0","3","HAN","-0.9201","HAN"
"https://x.com/FoxNews/status/2107156338958590184","2026-10-05T17:09:54.000Z","WATCH: At 105 years old, World War II veteran Staff Sgt. Dominick Critelli brings a packed hockey arena to its feet with his saxophone rendition of the national anthem.

Critelli performs ""The Star-Spangled Banner"" before the New York Islanders' home opener, then tips his cap as","0","2","HAN","-0.5994","HAN"
"https://x.com/FoxNews/status/2107146161085730841","2026-10-05T16:29:28.000Z","WATCH: Newly released police video shows an Arizona State cheerleader shoved to the ground and pinned against a police bicycle as officers arrest her during a confrontation in Tempe.

""Let him go! Let him go!"" Eryn Bonner screams as officers arrest two men who were with her.","0","2","HAN","-0.7896","HAN"
"https://x.com/FoxNews/status/2107140062227935386","2026-10-05T16:05:14.000Z","Russian authorities have quarantined about two dozen people and are monitoring hundreds more after a lab worker at a Siberian plague research institute died from a mysterious illness.

The cause of death has not been confirmed, and testing is underway.


@GillianHTurner
  reports","0","3","HAN","-0.8807","HAN"
"https://x.com/FoxNews/status/2107132180069544010","2026-10-05T15:33:55.000Z","WATCH: Vice President JD Vance carries his 4-year-old daughter Mirabel as he steps off Marine Two alongside Second Lady Usha Vance, who is carrying their baby, Alec.

The family arrived at Joint Base Andrews before departing for Anchorage, Alaska.","0","0","NEU","0","NEU"
"https://x.com/FoxNews/status/2107129841816334399","2026-10-05T15:24:37.000Z","JUST IN: Vice President JD Vance details the ""extremely cautious"" decision-making surrounding the withdrawal of U.S. bombers from RAF Fairford following a suspected terror plot targeting the U.K. base.

The Pentagon confirms all U.S. bombers deployed to Fairford have returned to","0","3","HAN","-0.7089","HAN"
"https://x.com/FoxNews/status/2107129541000823217","2026-10-05T15:23:25.000Z","The Justice Department says a new report found the department went too far in its response to parents who spoke out at school board meetings during the Biden administration.


@markpmeredith
  reports that the review examined Attorney General Merrick Garland’s 2021 memo directing","2","0","LAP","0.5267","HAP"
"https://x.com/FoxNews/status/2107126725180371084","2026-10-05T15:12:14.000Z","WATCH LIVE: Tech giants face NY City Council scrutiny over dangers of AI","0","0","NEU","-0.4939","LAN"
"https://x.com/FoxNews/status/2107126726392156619","2026-10-05T15:12:14.000Z","Download the app right now so you don't miss a moment from the hearing ⬇️

https://
foxnews.onelink.me/xLDS/z2jymmyl","0","2","HAN","0.1798","LAP"
"https://x.com/FoxNews/status/2107120728139035128","2026-10-05T14:48:24.000Z","Video shows violent clashes between police and high school students in France, where protests over a lack of teachers, overcrowded classrooms and long school days have continued for a third week.

Officials say a teenager lost his hand after picking up a police stun grenade. The","0","3","HAN","-0.7351","HAN"
"https://x.com/FoxNews/status/2107117556993593723","2026-10-05T14:35:48.000Z","WATCH: A suspected narco-trafficking boat erupts in flames as U.S. forces carry out another lethal strike in the Caribbean.

SOUTHCOM says forces execute the strike on a go-fast vessel traveling along an established trafficking route after intelligence confirms its ""active","1","1","LAN","0.4404","LAP"
"https://x.com/FoxNews/status/2107111546182648056","2026-10-05T14:11:55.000Z","NEW: The Supreme Court takes up a major climate case that could determine where states can sue oil and gas companies.


@davidspunt
 reports states want the cases heard in state courts, while the companies are pushing for federal court.

The Trump administration is backing the oil","2","0","LAP","0.6124","HAP"
"https://x.com/FoxNews/status/2107110576904352152","2026-10-05T14:08:04.000Z","LISTEN LIVE: Supreme Court kicks off new term with high-stakes cases","0","0","NEU","0.5574","HAP"
"https://x.com/FoxNews/status/2107108588673966156","2026-10-05T14:00:10.000Z","JUST IN: 
@karolineleavitt
 is joining Fox News Channel as an on-air contributor after leaving the White House briefing room.

The former White House press secretary will provide commentary across the Fox News lineup beginning Nov. 1.

""Karoline’s firsthand experience in the White","0","0","NEU","0","NEU"
"https://x.com/FoxNews/status/2107106924789445075","2026-10-05T13:53:33.000Z","""Israel is protecting the West and the free world.""

Israeli President Isaac Herzog defends his country's military actions, saying Israel never sought its current war and is fighting in self-defense after the Hamas-led Oct. 7 attack.

""We want peace... We did not seek that war.","2","2","LAN","-0.4125","LAN"
"https://x.com/FoxNews/status/2107106473318695042","2026-10-05T13:51:46.000Z","WATCH: A Russian drone slams into Kyiv’s North Bridge, striking the roadway as eyewitness video captures the moment of impact.

Kyiv Mayor Vitali Klitschko says the bridge was also targeted a day earlier as Russia continues attacks on bridges around the Ukrainian capital.

The","0","1","LAN","-0.4404","LAN"
"https://x.com/FoxNews/status/2107105238146547734","2026-10-05T13:46:51.000Z","Israeli President Isaac Herzog says President Trump is ""correct"" about the threat posed by Tehran, then lays out exactly why he believes Iran cannot be allowed access to nuclear capabilities.

""We are dealing with an empire of evil which wants to really radicalize the world,","0","3","HAN","-0.8316","HAN"
"https://x.com/FoxNews/status/2107104881421025595","2026-10-05T13:45:26.000Z","BREAKING: Dennis Hastert, longest-serving Republican House speaker, dead at 84","0","3","HAN","-0.6486","HAN"
"https://x.com/FoxNews/status/2107102548331028836","2026-10-05T13:36:10.000Z","Dem Rep. Ro Khanna takes aim at his own party's leaders during a campaign rally:

""I'm a New Deal Democrat, not a Chuck Schumer Democrat.""","0","0","NEU","0","NEU"
"https://x.com/FoxNews/status/2107101333471854688","2026-10-05T13:31:20.000Z","NEW: State Department officials are closely monitoring reports of a suspected pneumonic plague death in Siberia after a lab accident involving live bacteria.

A 28-year-old lab worker reportedly became infected after a test tube broke while she was collecting samples.

Foreign","0","2","HAN","-0.9313","HAN"
"https://x.com/FoxNews/status/2107099739024138323","2026-10-05T13:25:00.000Z","WATCH LIVE: Mayor Mamdani makes announcement on childcare","0","0","NEU","0","NEU"
"https://x.com/FoxNews/status/2107100485484245016","2026-10-05T13:27:58.000Z","Stay up to date with the latest headlines and breaking news — download the FOX News app: 
https://
foxnews.onelink.me/xLDS/z2jymmyl","0","0","NEU","0","NEU"
"https://x.com/FoxNews/status/2107098029618573587","2026-10-05T13:18:12.000Z","""We're watching and monitoring it closely.""

Secretary of State Marco Rubio confirms U.S. officials are closely tracking reports of a suspected plague breach at a Russian research laboratory.

The concern follows reports that a Russian lab technician was infected and died,","0","3","HAN","-0.8271","HAN"
"https://x.com/FoxNews/status/2107093457667809554","2026-10-05T13:00:02.000Z","The Pentagon confirms all U.S. bombers deployed to RAF Fairford are back on American soil, days after British authorities launched a terrorism investigation into suspicious activity near the military base.

The Pentagon is not saying why the aircraft left, only confirming that","1","2","HAN","-0.765","HAN"
"https://x.com/FoxNews/status/2107085501702250573","2026-10-05T12:28:26.000Z","UAE prosecutors confirm the FlyDubai co-pilot attack was an attempted terrorist attack, as reports say suspect Hamam Al Hammami could face the death penalty.

Investigators are now digging into possible foreign ties, his extremist views and how he was hired by the airline despite","0","2","HAN","-0.9638","HAN"
"https://x.com/FoxNews/status/2107079996455936314","2026-10-05T12:06:33.000Z","""Ken Paxton will get in there and get things done. He’s not afraid.""

Dallas Cowboys legend and Pro Football Hall of Famer Randy White is throwing his support behind Texas Attorney General Ken Paxton in the state’s closely watched U.S. Senate race.

White says the endorsement is","2","2","LAN","0.6124","HAP"
"https://x.com/FoxNews/status/2107070105297264698","2026-10-05T11:27:15.000Z","President Trump announcing a new 'Super Intelligence Force' to coordinate the federal government's AI response and to help coordinate consumer engagement with tech companies.


@AlexandriaHoff
 has the latest.

Stay up to date with the latest headlines and breaking news — download","3","0","HAP","0.9136","HAP"
"https://x.com/FoxNews/status/2107065672572207187","2026-10-05T11:09:38.000Z","""American liberty is never more than one generation away from extinction.""

Supreme Court Justice Samuel Alito invokes former President Ronald Reagan as he reflects on Americans' responsibility to preserve the Constitution during an interview on ""Life, Liberty & Levin.""

""The","2","0","LAP","0.93","HAP"
"https://x.com/FoxNews/status/2107062427950965054","2026-10-05T10:56:44.000Z","BREAKING: Two people have been killed and 35 others injured after more than 50 shots were fired near a massive neighborhood block party in Georgia.

More than 1,000 people were gathered in Vienna when gunfire broke out around 1:25 a.m. Sunday, with officials saying shots were","0","3","HAN","-0.93","HAN"
"https://x.com/FoxNews/status/2106933893706211579","2026-10-05T02:25:59.000Z","""American liberty is never more than one generation away from extinction.""

Referencing the words of former President Ronald Reagan, Supreme Court Justice Samuel Alito reflects on the responsibility Americans have to protect the nation's founding document during an interview on","2","0","LAP","0.9186","HAP"
"https://x.com/FoxNews/status/2106924315752943683","2026-10-05T01:47:56.000Z","""Our Constitution identifies what is most important.""

Supreme Court Justice Samuel Alito joins ""Life, Liberty & Levin"" to discuss the principles behind the U.S. Constitution and what he sees as the document's enduring strength.

""It focuses on the essentials,"" Alito says.","2","0","LAP","0.931","HAP"
"https://x.com/FoxNews/status/2106919737384952183","2026-10-05T01:29:44.000Z","“I prayed to God that I could have been in that body bag instead of her.”

Sheridan Gorman’s father, Thomas, breaks down as he tells 
@TGowdySC
 about identifying his 18-year-old daughter’s body and holding her hand for the final time.

“I apologized to her. I apologized that the","1","1","LAN","0.836","HAP"
"https://x.com/FoxNews/status/2106913762435572115","2026-10-05T01:06:00.000Z","WATCH LIVE: Bernie Sanders hosts 'Fighting Oligarchy' event with guest Randy Villegas","0","0","NEU","-0.3612","LAN"
"https://x.com/FoxNews/status/2106914035593629704","2026-10-05T01:07:05.000Z","Stay up to date with the latest headlines and breaking news download the FOX News app. 
https://
foxnews.onelink.me/xLDS/z2jymmyl","0","0","NEU","0","NEU"
"https://x.com/FoxNews/status/2106912418131587214","2026-10-05T01:00:39.000Z","""They want the Constitution to mean whatever they want it to mean.""

Supreme Court Justice Samuel Alito discusses originalism on ""Life, Liberty & Levin,"" explaining his view that the Constitution should be interpreted according to the meaning of its words when they were adopted.","2","0","LAP","0.9001","HAP"
"https://x.com/FoxNews/status/2106894593912451428","2026-10-04T23:49:50.000Z","""Went and got the law involved.""

FBI Director Kash Patel and country singer Alexis Wilkins announce their engagement, with Wilkins showing off her new diamond ring in a photo of the couple.

The pair met at a friend's event in Nashville in 2022 and began dating in early 2023.","1","0","LAP","0.6597","HAP"
"https://x.com/FoxNews/status/2106884477444116517","2026-10-04T23:09:38.000Z","A Florida TikTok creator who calls himself a ""demonologist"" and ""Grey Hat Hacker"" is back behind bars after investigators accused him of exposing women's private information online.

Authorities allege Robert Lee Todd Jr. obtained women's personal data, turned it into social","0","2","HAN","-0.4767","LAN"
"https://x.com/FoxNews/status/2106869715251442157","2026-10-04T22:10:58.000Z","🚨BREAKING: All U.S. bombers have left RAF Fairford after the U.K. base was targeted in a foiled terror plot, a Pentagon official tells Fox News.🚨","0","3","HAN","-0.5267","HAN"
"https://x.com/FoxNews/status/2106844637759729688","2026-10-04T20:31:19.000Z","""[The best of the best] don't reside in D.C. They don't reside in Hollywood. They don't reside in New York City. They reside in Colorado Springs. ... The real 1%.""


@SecWar
 Pete Hegseth's message to Air Force Academy cadets during a visit to the U.S. Air Force Academy in Colorado","3","0","HAP","0.6369","HAP"
"https://x.com/FoxNews/status/2106824538705056175","2026-10-04T19:11:27.000Z","""I've been bemused by the retirement speculation.""

Supreme Court Justice Samuel Alito addresses speculation about his future on the bench during an interview with 
@ShannonBream
 on 
@FoxNewsSunday
.

Alito says the constant attention surrounding whether he will retire is ""not too","2","0","LAP","0.7906","HAP"
"https://x.com/FoxNews/status/2106822829823987915","2026-10-04T19:04:40.000Z","""I am concerned about the future of the court.""

Supreme Court Justice Samuel Alito sits down with 
@ShannonBream
 on 
@FoxNewsSunday
 to discuss the future of the nation's highest court as some groups on the left call for major changes to the institution.

Some Democrats have","2","0","LAP","0.7906","HAP"
"https://x.com/FoxNews/status/2106797704974123137","2026-10-04T17:24:49.000Z","A stranded dog was rescued from the bed of a pickup truck after rising flash floodwaters trapped the vehicle in Rocksprings, Texas.

Video shows firefighters using a dinghy to reach the truck and safely bring the dog back to dry land.","2","2","LAN","0.4019","LAP"
"https://x.com/FoxNews/status/2106790927683489981","2026-10-04T16:57:54.000Z","Country star Zach Bryan sparks fresh debate after wearing a ""Free Palestine"" shirt during his show at Gillette Stadium.

Bryan wore the shirt just weeks after Macklemore said he was dropped from Ed Sheeran's tour after pressure from Gillette Stadium owner Robert Kraft.

See how","1","1","LAN","0.5267","HAP"
"https://x.com/FoxNews/status/2106767736231665937","2026-10-04T15:25:44.000Z","BREAKING: The U.S. Coast Guard says the debris field found during the search for the missing medical transport plane off Nantucket's coast is roughly 80 to 90 feet across.

""Right now, we're really just focused on finding the people.""

Officials say the amount of debris is making","2","2","LAN","0.1725","LAP"
"https://x.com/FoxNews/status/2106759986974167266","2026-10-04T14:54:57.000Z","WATCH LIVE: U.S. Coast Guard holds briefing after debris found from missing plane off Nantucket","0","2","HAN","-0.296","LAN"
"https://x.com/FoxNews/status/2106761373007118551","2026-10-04T15:00:27.000Z","Stay up to date with the latest headlines and breaking news — download the FOX News app: 
https://
foxnews.onelink.me/xLDS/z2jymmyl","0","0","NEU","0","NEU"
"https://x.com/FoxNews/status/2106740631879954585","2026-10-04T13:38:02.000Z","New details emerge about the Flydubai co-pilot accused of attempting to hijack an Israel-bound flight.

UAE confirms the man was trying to carry out a ""terrorist attack,"" as we learn new information about the injuries the captain suffered while fighting to keep control of the","0","2","HAN","-0.9118","HAN"
"https://x.com/FoxNews/status/2106724233510629751","2026-10-04T12:32:52.000Z","BREAKING: Trump announces 'Super Intelligence Force' to ensure American AI dominance","3","0","HAP","0.886","HAP"
"https://x.com/FoxNews/status/2106717248412889484","2026-10-04T12:05:07.000Z","Cornell’s president breaks his silence as scrutiny builds over the university's handling of an alleged sexual assault involving fraternity members.


@Brooketaylortv
 has the latest. | 
@foxandfriends
 

Get the latest updates with the Fox News app. Download here:","0","0","NEU","-0.5859","HAN"
"https://x.com/FoxNews/status/2106713309525250483","2026-10-04T11:49:28.000Z","The crowd erupts as President Trump busts a move to close out his rally in Vandalia, Ohio.

Trump takes a few moments to dance onstage as supporters cheer inside Butler High School, capping off a campaign stop focused on firing up Republicans ahead of November's midterm","2","2","LAN","0.6369","HAP"
"https://x.com/FoxNews/status/2106698295070380257","2026-10-04T10:49:48.000Z","NEW: U.S. Coast Guard crews searching for a medical plane that vanished on its way to Boston have found a debris field off Nantucket confirmed to be connected to the missing aircraft.

The Gulfstream G100 was carrying six people, including four crew members and two passengers","0","2","HAN","-0.296","LAN"
"https://x.com/FoxNews/status/2106548578965467169","2026-10-04T00:54:53.000Z","""ZERO.""

President Trump touts his border record in Vandalia, Ohio, telling the packed crowd that ""zero illegal aliens have been admitted into the United States"" over the past 17 months.

""How do you do that?"" Trump adds as the crowd erupts in applause.

The president is in","2","3","HAN","0.3182","LAP"
"https://x.com/FoxNews/status/2106545278220218711","2026-10-04T00:41:46.000Z","Trump paints a dire picture of what he says happens if Democrats take control of Congress.

“If the Democrats win, you will end up in a 1929-style economic depression. We will have a disaster on our hands.”

He also argues the country would have been “ruined” had Kamala Harris","4","3","HAP","-0.8625","HAN"
"https://x.com/FoxNews/status/2106540139858080124","2026-10-04T00:21:21.000Z","TOUCHDOWN IN OHIO: President Trump steps off Air Force One in Vandalia ahead of a major midterm rally for Sen. Jon Husted.

Husted is locked in a tight Senate race against Democrat Sherrod Brown.","0","0","NEU","0","NEU"
"https://x.com/FoxNews/status/2106531258419261770","2026-10-03T23:46:04.000Z","WATCH LIVE: Trump addresses voters in battleground Ohio ahead of critical election","0","0","NEU","-0.6124","HAN"
"https://x.com/FoxNews/status/2106532897012453414","2026-10-03T23:52:34.000Z","Watch live coverage of President Trump delivering remarks in Vandalia, Ohio, on the Fox News app. Download here: 
https://
foxnews.onelink.me/xLDS/z2jymmyl","0","0","NEU","0","NEU"
"https://x.com/FoxNews/status/2106493453282553858","2026-10-03T21:15:50.000Z","Trump makes a quick pitch to reporters for ending the twice-a-year clock change, arguing it's expensive, creates problems and could even have an impact on crime.

""When you have light, you have much less crime,"" Trump says.

He then points to the overwhelming House vote and puts","0","3","HAN","-0.7964","HAN"
"https://x.com/FoxNews/status/2106489523869737013","2026-10-03T21:00:13.000Z","WATCH LIVE: Trump speaks to reporters ahead of Ohio campaign swing","0","0","NEU","0","NEU"
"https://x.com/FoxNews/status/2106490428585357718","2026-10-03T21:03:49.000Z","Watch live coverage of President Trump speaking to reporters ahead of his Ohio campaign swing on the Fox News app. Download here: 
https://
foxnews.onelink.me/xLDS/z2jymmyl","0","0","NEU","0","NEU"
"https://x.com/FoxNews/status/2106472446467436749","2026-10-03T19:52:22.000Z","WATCH LIVE: Abdul El-Sayed and Elissa Slotkin host Warren, MI town hall","0","0","NEU","0","NEU"
"https://x.com/FoxNews/status/2106472702890725774","2026-10-03T19:53:23.000Z","Watch live coverage of the Warren, MI town hall with Abdul El-Sayed, Elissa Slotkin and Elizabeth Warren on the Fox News app. Download here: 
https://
foxnews.onelink.me/xLDS/z2jymmyl","0","0","NEU","0","NEU"
"https://x.com/FoxNews/status/2106453062130806976","2026-10-03T18:35:20.000Z","EXCLUSIVE: Nolan Wells’ friends are breaking down the play-by-play timeline of the final hours before he went missing.

Around 4:30 p.m., one of the three boats starts taking on water. His friends scramble to pump it out, but the batteries are underwater and the boat shuts down.","2","2","LAN","0.4795","LAP"
"https://x.com/FoxNews/status/2106445201741148660","2026-10-03T18:04:06.000Z","For the first time since Nolan Wells’ mysterious death, his grieving friends are speaking out about the tragedy and the questions that followed.

Wells vanished during a Fourth of July group trip to Horn Island involving three boats. His phone made it back to mainland without","0","2","HAN","-0.8176","HAN"
"https://x.com/FoxNews/status/2106443825052889154","2026-10-03T17:58:38.000Z","NEW: A grand jury unanimously finds no credible evidence Nolan Wells’ friends engaged in criminal conduct related to his death.


@kayleighmcenany
 breaks down the finding after 43 witnesses and 132 subpoenas.

Their attorney reacts:

“But we are grateful to District Attorney Angel","3","3","HAN","0.3182","LAP"
"https://x.com/FoxNews/status/2106442847377342906","2026-10-03T17:54:45.000Z","EXCLUSIVE: Nolan Wells’ friend reveals the moment he decides it’s time to call the Coast Guard.

Warren Hudson tells 
@kayleighmcenany
 he started asking questions around 10:30 p.m., texting people who were still out there after the group left.

No one they contact has heard from","2","1","LAP","0.4995","LAP"
"https://x.com/FoxNews/status/2106442114015859188","2026-10-03T17:51:50.000Z","EXCLUSIVE: Nolan Wells’ friends and their attorney detail the gruesome extent of the death threats they say have been targeting them and their families.

Attorney Tyler Cox says individuals called Warren Hudson’s stepmother, a state judge, and left voicemails and messages","2","2","LAN","-0.3328","LAN"
"https://x.com/FoxNews/status/2106437097485685068","2026-10-03T17:31:54.000Z","NEW: “Some people said, you know, 'Why was Nolan’s phone on the boat?'”

Nolan Wells’ friends address one of the lingering questions surrounding his death, explaining Nolan's phone wasn’t the only one left behind as the group scrambled with a sinking boat.

“I really don’t think","0","2","HAN","-0.2023","LAN"
"https://x.com/FoxNews/status/2106434586620121124","2026-10-03T17:21:55.000Z","EXCLUSIVE: Nolan Wells’ friend details the terrifying moment their boat starts sinking in real time, telling 
@kayleighmcenany
 it forced everyone onboard to scramble.

“The bilge pump, nothing’s turning on, the battery’s underwater, and the whole boat just shuts off.”

Jax Pitalo","2","1","LAP","-0.3109","LAN"
"https://x.com/FoxNews/status/2106428812632494385","2026-10-03T16:58:59.000Z","Zach Bryan takes the stage at Robert Kraft’s Gillette Stadium wearing a “Free Palestine” shirt, putting the same message at the center of another high-profile concert moment.

The country star wore the shirt during his Friday night stop in Foxborough, just weeks after Kraft","1","1","LAN","-0.296","LAN"
"https://x.com/FoxNews/status/2106417578230895071","2026-10-03T16:14:20.000Z","Who are these heroes?  A race against the flames turns into a remarkable rescue when two Good Samaritans stop and help Florida deputies pull a woman from a burning vehicle.

Footage released by the Orange County Sheriff’s Office shows deputies working to free the woman before the","3","1","HAP","0.9509","HAP"
"https://x.com/FoxNews/status/2106383781657759893","2026-10-03T14:00:02.000Z","Your immigration status could become part of filing your federal taxes.

The Trump administration is moving to require taxpayers claiming certain refundable tax credits to certify whether they meet federal citizenship or immigration eligibility standards. The IRS says the","1","0","LAP","0.5574","HAP"
"https://x.com/FoxNews/status/2106383265581924667","2026-10-03T13:57:59.000Z","Former DOGE official Tyler Hassen is pushing back on the public image of Elon Musk and the team, offering a sharply different account of what he says actually happened behind closed doors.

Hassen says Musk was so consumed with solving problems that he sometimes slept on the","1","2","HAN","-0.0094","NEU"
"https://x.com/FoxNews/status/2106374440812519741","2026-10-03T13:22:55.000Z","""He's perverting the words of Jesus, and he's also flouting the U.S. Constitution.""

A biblical researcher is challenging Texas Democratic Senate nominee James Talarico’s claim that his progressive agenda is rooted in the teachings of Jesus.

Just Facts President Jim Agresti","1","0","LAP","-0.1027","LAN"
"https://x.com/FoxNews/status/2106368680171102520","2026-10-03T13:00:02.000Z","President Trump is sending $500 refund checks to nearly 1 million Americans after his administration says they were overcharged through the Affordable Care Act's federal insurance exchange.

""That money belongs to hard-working Americans, not the Government, and now I'm returning","2","1","LAP","0.4939","LAP"
"https://x.com/FoxNews/status/2106355570815234513","2026-10-03T12:07:56.000Z","BREAKING: The U.S. Coast Guard has launched a search for a missing Boston-bound plane off the coast of Nantucket after the FAA lost contact with the aircraft carrying six people.

Get the latest updates with the Fox News app. Download here: 
https://
foxnews.onelink.me/xLDS/z2jymmyl","1","3","HAN","-0.4588","LAN"
"https://x.com/FoxNews/status/2106353588691689582","2026-10-03T12:00:04.000Z","Could Trump's proposed $5,000 dividend actually become a reality?

Trump is doubling down on his proposal to send every adult U.S. citizen a $5,000 ""Trump dividend,"" saying tariff revenue could pay for it if Republicans keep the House and Senate after November.

But the plan","0","1","LAN","-0.1027","LAN"
"https://x.com/FoxNews/status/2106347941082325081","2026-10-03T11:37:37.000Z","California releases a 700-page report on the deadly Palisades fires that details numerous failures, including staggering delays in warning residents as homes began burning.


@AlexandriaHoff
 has the latest. | 
@foxandfriends
 

Stay up to date with the latest headlines and breaking","0","3","HAN","-0.6597","HAN"
"https://x.com/FoxNews/status/2106333299308150978","2026-10-03T10:39:26.000Z","BREAKING: The FlyDubai co-pilot accused of stabbing the captain of a passenger jet mid-flight and nearly causing a catastrophic crash has been identified as 29-year-old Omani national Hamam al-Hammami.

He was reportedly grounded by Oman Air in 2024 over concerns he had adopted","0","4","HAN","-0.7964","HAN"
"https://x.com/FoxNews/status/2106196715632009366","2026-10-03T01:36:42.000Z","""Do not send us radicals who are trying to tear up our country. Send reasonable people.""

Vice President 
@JDVance
 delivers a pointed message to voters during his interview with 
@seanhannity
, saying he wants a Democratic Party Republicans can work with to find ""common sense","0","0","NEU","0.4019","LAP"
"https://x.com/FoxNews/status/2106196206883877045","2026-10-03T01:34:41.000Z","Vice President 
@JDVance
 is putting a stark choice in front of voters ahead of the midterms.

In an interview with 
@seanhannity
, the vice president says he believes Democratic control of Congress would mean higher energy prices, less-safe streets and renewed pressure from cartels","1","1","LAN","-0.0258","NEU"
"https://x.com/FoxNews/status/2106193431210967385","2026-10-03T01:23:39.000Z","""Does this happen like that?""

Death row inmate Christa Pike asks the startling question as her execution goes terribly wrong in Tennessee, according to her attorneys.

They allege the execution team struggled to establish an IV, using at least seven needles before administering","2","3","HAN","-0.8807","HAN"
"https://x.com/FoxNews/status/2106189937351487824","2026-10-03T01:09:46.000Z","""We will pass the death penalty for large-scale drug dealers, human traffickers, and anyone who kills a police officer.""  

President Donald Trump announces a major push to expand capital punishment while taking aim at no-cash-bail policies and touting what he described as","1","3","HAN","-0.9186","HAN"
"https://x.com/FoxNews/status/2106181007380554132","2026-10-03T00:34:17.000Z","President Trump says the G7 nations have reached a deal to release emergency fuel reserves as countries move to confront surging diesel prices.

""We have reached an agreement for Europe to release massive amounts of diesel fuel from the heavily stocked reserves, and that's","1","2","HAN","0.1779","LAP"
"https://x.com/FoxNews/status/2106173316662739404","2026-10-03T00:03:44.000Z","""Just close your eyes and pretend I'm on the ballot.""

President Trump delivers a blunt message to supporters in Mobile, Alabama, as he pushes Republicans to turn out for the midterms.

Trump tells the crowd that Republicans see significantly lower participation from his","1","1","LAN","0.0772","LAP"