tweet_id,posted_at,text,afinn_pos,afinn_neg,afinn_judgment,vader_compound,vader_judgment,platform
https://x.com/BBC/status/1923408109428470110,2025-05-16T16:00:03.000Z,"Twelve unlucky-in-love singles are matched into couples, marry, and then immediately start their honeymoon on a tropical island! Will they thrive in isolation and find love… or will they flare out?! 🔥🏝️

Brand-new Stranded on Honeymoon Island, coming soon to BBC One and iPlayer",3,0,HAP,-0.508,HAN,bbc
https://x.com/BBC/status/1910724533369410014,2025-04-11T16:00:02.000Z,"Here it is: Welcome to season two of A Good Girl's Guide to Murder -- The Disappearance of Jamie Reynolds [1]

[1] Pip Fitz-Amobi, Good Girl, Bad Blood page 89

#AGoodGirlsGuideToMurder #AGGGTM",3,3,HAN,-0.1027,LAN,bbc
https://x.com/BBC/status/1907840951428477289,2025-04-03T17:01:43.000Z,"The Disasters Emergency Committee is appealing for funds to help those affected by the earthquake in Myanmar. Give via the DEC website 👉 
https://
bbc.in/3YcgsB8",2,2,LAN,-0.6249,HAN,bbc
https://x.com/BBC/status/1897596647325970698,2025-03-06T10:34:31.000Z,"World Book Day wouldn’t be the same without a #PipRavi moment 📕
 
Watch A Good Girl’s Guide to Murder now on #iPlayer (PSA: S2 is coming!!! 👀)
 
#PageToScreen #AGGGTM #AGoodGirlsGuideToMurder #WorldBookDay",3,2,HAP,-0.5684,HAN,bbc
https://x.com/BBC/status/1897316176109195316,2025-03-05T16:00:01.000Z,"Gan-Gan would be me, I fear

Watch brand-new #Amandaland now, only on #iPlayer

 #Comedy",1,2,HAN,-0.4939,LAN,bbc
https://x.com/BBC/status/1895504238387577086,2025-02-28T16:00:01.000Z,"Poor Amanda 😂 

Watch #Amandaland now, only on #iPlayer

#Comedy",1,2,HAN,-0.4767,LAN,bbc
https://x.com/BBC/status/1892260074241802651,2025-02-19T17:08:52.000Z,"There’s nothing worse than your own parents trying to teach you maths 😭

Watch #Amandaland now, only on #iPlayer

#Comedy",1,3,HAN,0.3724,LAP,bbc
https://x.com/BBC/status/1891887903837458446,2025-02-18T16:30:00.000Z,"Now this is what you call scary 🫣

Watch the brand-new series of #Uncanny on #iPlayer now

#Ghost #Paranormal #ShadowMan 
@danny_robins",0,2,HAN,-0.4939,LAN,bbc
https://x.com/BBC/status/1889358738894557229,2025-02-11T17:00:00.000Z,"That is what you call creepy! 😱

Watch the brand-new series of #Uncanny on #iPlayer now

Are you team believer or team sceptic? Danny Robins brings his hit podcast to the screen, investigating stories of the paranormal. It's about to get weird. 
@danny_robins",0,2,HAN,-0.4574,LAN,bbc
https://x.com/BBC/status/1887154223890174169,2025-02-05T15:00:03.000Z,"You’re lying if you say you haven’t done this before 🫣

Watch #Amandaland now, only on iPlayer

#Motherland #Comedy",1,0,LAP,-0.5267,HAN,bbc
https://x.com/BBC/status/1885364923015795014,2025-01-31T16:30:00.000Z,"*Adds qualified detective to CV* ✍️
 
Test out your detective skills by streaming crime dramas like #LineOfDuty and #Luther on #iPlayer now! 


@thejazzemu",2,3,HAN,-0.3164,LAN,bbc
https://x.com/BBC/status/1882382776672084002,2025-01-23T11:00:01.000Z,"This spin-off is all about Amanda, and you don’t want to miss it! 👀
 
Brand-new #Amandaland coming to #iPlayer Wednesday 5th February!",1,2,HAN,-0.2225,LAN,bbc
https://x.com/BBC/status/1880295969272786957,2025-01-17T16:47:47.000Z,"Guess who’s back?! Be afraid... Be very afraid 😱

Brand-new #Uncanny returns to BBC Two and #iPlayer Friday 31st January


@danny_robins",0,2,HAN,0.0,NEU,bbc
https://x.com/BBC/status/1880012153463415050,2025-01-16T22:00:00.000Z,"What a choice 😱 #TheTraitors #Ultimatum 

Minah offers Charlotte an ultimatum: become a Traitor or be murdered.",0,0,NEU,-0.6597,HAN,bbc
https://x.com/BBC/status/1872047168199991472,2024-12-25T22:30:00.000Z,"Oh, we’re not crying, you are 👆

That’s a wrap 🥹

Watch the last ever episode of #GavinandStacey on #iPlayer NOW!",0,2,HAN,0.4303,LAP,bbc
https://x.com/BBC/status/1854210890213572839,2024-11-06T17:15:00.000Z,"What happened to the Lord that murdered his nanny?
 
Find out now on #iPlayer",0,0,NEU,-0.6597,HAN,bbc
https://x.com/BBC/status/1840787439427740156,2024-09-30T16:15:00.000Z,"Has Gemma found a possible long lost relative?! 👀   

Watch #WhoDoYouThinkYouAre? now on #iPlayer",0,3,HAN,-0.4501,LAN,bbc
https://x.com/BBC/status/1836794880808337563,2024-09-19T15:50:00.000Z,"The last day ever filming on Stacey's street in Barry. We’re not crying 🥹

Watch the final episode of #GavinandStacey on #iPlayer from 25 Dec",0,2,HAN,0.3724,LAP,bbc
https://x.com/CNN/status/2107048423933255803,2026-10-05T10:01:05.000Z,"The Supreme Court will hear arguments Monday in one of the most important climate change cases to reach its docket in years, a multibillion-dollar effort to hold major oil companies like ExxonMobil liable for the damages caused by planet-warming pollution. 
https://
cnn.it/3TImHgZ",2,3,HAN,0.4005,LAP,cnn
https://x.com/CNN/status/2107040097673597290,2026-10-05T09:28:00.000Z,King Charles' younger brother Andrew Mountbatten-Windsor has launched legal action against police in England over his arrest earlier this year on suspicion of misconduct in public office following revelations from the Epstein files in the United States.,1,2,HAN,-0.0516,LAN,cnn
https://x.com/CNN/status/2106882330388316575,2026-10-04T23:01:06.000Z,"More than 250 participants have been enrolled in a trial for a drug that could stop them from contracting Ebola in Congo, in what experts have described as a critical step to try to fight the deadliest outbreak of the disease in the Central African country.",0,1,LAN,-0.7269,HAN,cnn
https://x.com/CNN/status/2106486776571302189,2026-10-03T20:49:18.000Z,"President Donald Trump railed against Sen. Tom Cotton in a series of posts on Saturday, accusing the Arkansas Republican of holding up a bill that would make Daylight Saving Time permanent and encouraging people to call the senator at his cellphone number. 
https://
cnn.it/4hE7Ufs",0,2,HAN,0.4588,LAP,cnn
https://x.com/CNN/status/2106456782633681015,2026-10-03T18:50:07.000Z,"The Coast Guard is searching off the coast of Massachusetts, near Nantucket, for a medical transport aircraft with six people onboard after the jet went missing early Saturday morning on its way from Bermuda to Boston, the agency said. 
https://
cnn.it/3TDHzpO",0,2,HAN,-0.296,LAN,cnn
https://x.com/CNN/status/2106330376129950084,2026-10-03T10:27:50.000Z,"The Justice Department argued that President Donald Trump should be allowed to reinstate his White House ban of CNN, MS NOW and Politico in a court filing late Friday ahead of a hearing next week in the lawsuit from the news companies. 
https://
cnn.it/4xZJIu8",2,2,LAN,-0.5574,HAN,cnn
https://x.com/CNN/status/2106187689925960073,2026-10-03T01:00:51.000Z,Terrorist images were found on Flydubai suspect Hamam al-Hammami's social media,0,1,LAN,-0.7845,HAN,cnn
https://x.com/CNN/status/2106145892793254384,2026-10-02T22:14:45.000Z,"The pilot suspected of having attacked another pilot aboard a Tel Aviv-bound Flydubai flight on Wednesday was removed from a previous job at Oman's national airline last year following concerns about his extremist views, sources familiar with the matter told CNN.",1,1,LAN,-0.5719,HAN,cnn
https://x.com/CNN/status/2106125859669102633,2026-10-02T20:55:09.000Z,"David Rivera, a former Miami congressman and longtime friend of US Secretary of State Marco Rubio, has been sentenced to 10 years in prison in connection with a secret $50 million lobbying campaign on Venezuela's behalf during the first Trump administration.",0,2,HAN,-0.128,LAN,cnn
https://x.com/CNN/status/2106122156920697235,2026-10-02T20:40:26.000Z,"A ""God made Trump"" ad and at least 12 others are part of a controversial taxpayer-funded ad campaign to promote the president and his policies. 
https://
cnn.it/4i0KySo",1,2,HAN,0.4404,LAP,cnn
https://x.com/CNN/status/2106002836471357948,2026-10-02T12:46:18.000Z,"The US economy added just 29,000 jobs last month, and the unemployment rate rose to 4.2%

https://
cnn.it/4hFhTBd",0,2,HAN,-0.4404,LAN,cnn
https://x.com/CNN/status/2105858058559578563,2026-10-02T03:11:00.000Z,A white Dallas police officer convicted of killing a Black man in his apartment that she mistook for her own was granted parole Thursday after serving seven years of her 10-year sentence.,1,3,HAN,-0.4767,LAN,cnn
https://x.com/CNN/status/2105828193487696170,2026-10-02T01:12:20.000Z,"Snapchat messages exchanged during the alleged assault at Cornell University include a photo of then-student Jane Doe in a room at the fraternity house, according to images of the chain obtained by CNN.",0,0,NEU,-0.5859,HAN,cnn
https://x.com/CNN/status/2105726717331386402,2026-10-01T18:29:06.000Z,"Sudden unexpected infant death claimed the lives of about 3,400 babies in the United States in 2024. Despite decades of public health efforts to promote safer sleep, these deaths remain a major cause of mortality during infancy.

A new report from the US Centers for Disease",1,2,HAN,0.5106,HAP,cnn
https://x.com/CNN/status/2105660071686349054,2026-10-01T14:04:17.000Z,"Supreme Court agrees to review President Trump's policy of mandatory detention without bond hearings for those who entered the country illegally. 
https://
cnn.it/4AHQCqb",1,2,HAN,0.4939,LAP,cnn
https://x.com/CNN/status/2105499623573860583,2026-10-01T03:26:43.000Z,"Republican Steve Hilton and Democrat Xavier Becerra exchanged sharp words during a clash over immigration policy.

Watch the full CNN debate between California's gubernatorial candidates: 
https://
cnn.it/4z7dUnV",0,2,HAN,0.0,NEU,cnn
https://x.com/CNN/status/2105477858189594941,2026-10-01T02:00:13.000Z,"A Flydubai passenger recounted how he and other passengers stopped the alleged attacker, saying that he put him in a chokehold and dragged him out of the cockpit before returning and grabbing the plane's controls. 
https://
cnn.it/4yiPIyW",0,1,LAN,-0.7003,HAN,cnn
https://x.com/CNN/status/2105288581317079199,2026-09-30T13:28:06.000Z,"Reports of comments made by Jane Doe to Cornell University police in 2024 when she first went to school officials with allegations she was gang raped are raising new questions about what law enforcement knew at the time.

CNN affiliate WCBS and ABC News reported they have",0,0,NEU,-0.6808,HAN,cnn
https://x.com/CNN/status/2105237012781412660,2026-09-30T10:03:11.000Z,"The US military announced that it has completed the withdrawal of its troops from Iraq, ending a 12-year mission to fight the Islamic State group. 
https://
cnn.it/4dFUDSg",0,3,HAN,-0.3612,LAN,cnn
https://x.com/CNN/status/2105195454283534560,2026-09-30T07:18:03.000Z,"A ""violent"" altercation between two pilots caused a FlyDubai aircraft traveling from Dubai to Tel Aviv to divert to Saudi Arabia, sources have told CNN. 
https://
cnn.it/46RrqA4",0,3,HAN,0.0,NEU,cnn
https://x.com/CNN/status/2105144629058310190,2026-09-30T03:56:05.000Z,"After spending years reconstructing DNA fragments, scientists have revealed the most compelling evidence to date that Thomas Jefferson fathered children with Sally Hemings, an enslaved woman in his household – a relationship that has been long rumored but never definitively",0,2,HAN,-0.0653,LAN,cnn
https://x.com/CNN/status/2105116191693963541,2026-09-30T02:03:05.000Z,"One thing that seems to unite people is how isolated they feel.

As many as 1 in 5 adults in the United States reported feeling loneliness ""a lot of the day"" in 2024, and the country continues to experience what experts have called ""a loneliness epidemic."" 
https://
cnn.it/4rAh7d2",1,1,LAN,-0.5574,HAN,cnn
https://x.com/FoxNews/status/2107213119923888485,2026-10-05T20:55:32.000Z,"“She was my best friend. And then you chose to kill the only mother I ever had.”

Those powerful words from Caleb Flynn’s daughter, Ava, hang over the courtroom as her letter to her father is read aloud just before his sentencing to life in prison.

She describes her mother as",3,3,HAN,0.1531,LAP,fox_news
https://x.com/FoxNews/status/2107204726018146597,2026-10-05T20:22:11.000Z,"BREAKING: Caleb Flynn, convicted of murdering his wife Ashley Flynn, maintains his innocence during his sentencing hearing.

""I have unfortunately lied about a lot of things over the last couple of years. But as I stand here before God, who is my ultimate judge... I did not kill",1,3,HAN,-0.3532,LAN,fox_news
https://x.com/FoxNews/status/2107196391470563829,2026-10-05T19:49:04.000Z,"NEW: 
@marthamaccallum
 presses Abdul El-Sayed on whether he supports U.S. terrorist designations for Muslim Brotherhood organizations in Lebanon, Egypt and Jordan.

""I will support a terrorist designation for any organization that is engaged in or committed to political violence.""",2,3,HAN,-0.34,LAN,fox_news
https://x.com/FoxNews/status/2107195401728143847,2026-10-05T19:45:08.000Z,"JUST IN: President Trump says he personally believes Iran was responsible for the alleged terrorist attack aboard a FlyDubai flight.


@LucasFoxNews
: ""On Flydubai, do you think Iran was responsible for that terrorist attack?""

TRUMP: ""I do, I personally do.""

Investigators say",2,1,LAP,-0.8689,HAN,fox_news
https://x.com/FoxNews/status/2107126726392156619,2026-10-05T15:12:14.000Z,"Download the app right now so you don't miss a moment from the hearing ⬇️

https://
foxnews.onelink.me/xLDS/z2jymmyl",0,2,HAN,0.1798,LAP,fox_news
https://x.com/FoxNews/status/2106884477444116517,2026-10-04T23:09:38.000Z,"A Florida TikTok creator who calls himself a ""demonologist"" and ""Grey Hat Hacker"" is back behind bars after investigators accused him of exposing women's private information online.

Authorities allege Robert Lee Todd Jr. obtained women's personal data, turned it into social",0,2,HAN,-0.4767,LAN,fox_news
https://x.com/FoxNews/status/2106759986974167266,2026-10-04T14:54:57.000Z,WATCH LIVE: U.S. Coast Guard holds briefing after debris found from missing plane off Nantucket,0,2,HAN,-0.296,LAN,fox_news
https://x.com/FoxNews/status/2106717248412889484,2026-10-04T12:05:07.000Z,"Cornell’s president breaks his silence as scrutiny builds over the university's handling of an alleged sexual assault involving fraternity members.


@Brooketaylortv
 has the latest. | 
@foxandfriends
 

Get the latest updates with the Fox News app. Download here:",0,0,NEU,-0.5859,HAN,fox_news
https://x.com/FoxNews/status/2106698295070380257,2026-10-04T10:49:48.000Z,"NEW: U.S. Coast Guard crews searching for a medical plane that vanished on its way to Boston have found a debris field off Nantucket confirmed to be connected to the missing aircraft.

The Gulfstream G100 was carrying six people, including four crew members and two passengers",0,2,HAN,-0.296,LAN,fox_news
https://x.com/FoxNews/status/2106548578965467169,2026-10-04T00:54:53.000Z,"""ZERO.""

President Trump touts his border record in Vandalia, Ohio, telling the packed crowd that ""zero illegal aliens have been admitted into the United States"" over the past 17 months.

""How do you do that?"" Trump adds as the crowd erupts in applause.

The president is in",2,3,HAN,0.3182,LAP,fox_news
https://x.com/FoxNews/status/2106545278220218711,2026-10-04T00:41:46.000Z,"Trump paints a dire picture of what he says happens if Democrats take control of Congress.

“If the Democrats win, you will end up in a 1929-style economic depression. We will have a disaster on our hands.”

He also argues the country would have been “ruined” had Kamala Harris",4,3,HAP,-0.8625,HAN,fox_news
https://x.com/FoxNews/status/2106531258419261770,2026-10-03T23:46:04.000Z,WATCH LIVE: Trump addresses voters in battleground Ohio ahead of critical election,0,0,NEU,-0.6124,HAN,fox_news
https://x.com/FoxNews/status/2106443825052889154,2026-10-03T17:58:38.000Z,"NEW: A grand jury unanimously finds no credible evidence Nolan Wells’ friends engaged in criminal conduct related to his death.


@kayleighmcenany
 breaks down the finding after 43 witnesses and 132 subpoenas.

Their attorney reacts:

“But we are grateful to District Attorney Angel",3,3,HAN,0.3182,LAP,fox_news
https://x.com/FoxNews/status/2106437097485685068,2026-10-03T17:31:54.000Z,"NEW: “Some people said, you know, 'Why was Nolan’s phone on the boat?'”

Nolan Wells’ friends address one of the lingering questions surrounding his death, explaining Nolan's phone wasn’t the only one left behind as the group scrambled with a sinking boat.

“I really don’t think",0,2,HAN,-0.2023,LAN,fox_news
https://x.com/FoxNews/status/2106383265581924667,2026-10-03T13:57:59.000Z,"Former DOGE official Tyler Hassen is pushing back on the public image of Elon Musk and the team, offering a sharply different account of what he says actually happened behind closed doors.

Hassen says Musk was so consumed with solving problems that he sometimes slept on the",1,2,HAN,-0.0094,NEU,fox_news
https://x.com/FoxNews/status/2106355570815234513,2026-10-03T12:07:56.000Z,"BREAKING: The U.S. Coast Guard has launched a search for a missing Boston-bound plane off the coast of Nantucket after the FAA lost contact with the aircraft carrying six people.

Get the latest updates with the Fox News app. Download here: 
https://
foxnews.onelink.me/xLDS/z2jymmyl",1,3,HAN,-0.4588,LAN,fox_news
https://x.com/FoxNews/status/2106181007380554132,2026-10-03T00:34:17.000Z,"President Trump says the G7 nations have reached a deal to release emergency fuel reserves as countries move to confront surging diesel prices.

""We have reached an agreement for Europe to release massive amounts of diesel fuel from the heavily stocked reserves, and that's",1,2,HAN,0.1779,LAP,fox_news
